mission_id,equal_rank,environment_rank,noise_rank,EEI,OEI,NII,MPS
1,1,1,1,0.8650344130370371,0.7114096247056595,0.7390311111111111,0.7717922556794291
2,2,2,3,0.8618578675151515,0.7110113117236666,0.4692072727272727,0.6804806657774355
5,3,3,2,0.7076369828571428,0.5882121690570351,0.5727599999999999,0.6228196075874213
3,4,4,4,0.4733906848,0.406420556151303,0.690264,0.5235253192367839
4,5,5,5,0.5173890868148148,0.3104006000543637,0.4709177777777778,0.43294050350521424
